{"P1x": -0.0161451065289, "P1y": 0.0206647940026, "P2x": 0.0161451065289, "P2y": -0.0206647940026, "M_i": 0.9950926244654937, "J_i": 0.826591760104, "M1_i": 0.5000000000000041, "M2_i": 0.5000000000000041, "D": 40.0, "s1x": 0.0, "s1y": 0.0, "s1z": 0.0, "s2x": 0.0, "s2y": 0.0, "s2z": 0.0, "M_f": 0.966509675573281, "J_f": 0.678388358955513, "chi1": 0.0, "chi2": 0.0, "q": 1.0, "ecc": 0.7527058000352298, "f0": 0.0026161616000000003}