{"P1x": -0.0161451065289, "P1y": 0.0206647940026, "P2x": 0.0161451065289, "P2y": -0.0206647940026, "M_i": 0.9951497205790019, "J_i": 1.076591760104, "M1_i": 0.5000000000205146, "M2_i": 0.5000000000205146, "D": 40.0, "s1x": 0.0, "s1y": 0.0, "s1z": 0.125, "s2x": 0.0, "s2y": 0.0, "s2z": 0.125, "M_f": 0.938518569649658, "J_f": 0.727004430325768, "chi1": 0.4999999999589708, "chi2": 0.4999999999589708, "q": 1.0, "ecc": 0.7502571999944632, "f0": 0.0021717172}